Flight No.,Date,Time (UTC),Launch site,Payload,Orbit,Customer,Launchoutcome,Boosterlanding,Payload mass,CleanMass,Version,BoosterID,FlightNumber
1,4-Jun-10,18:45,"CCSFS,SLC-40",Dragon Spacecraft Qualification Unit,LEO,SpaceX,Success,Failure(parachute),No payload (excl. Dragon Mass),,F9 v1.0,B0003,0
2,8-Dec-10,15:43,"CCSFS,SLC-40",SpaceX COTS Demo Flight 1(Dragon C101),LEO,SpaceX,Success,Failure(parachute),Unknown (excl. Dragon Mass),,F9 v1.0,B0004,0
3,22-May-12,7:44,"CCSFS,SLC-40",SpaceX COTS Demo Flight 2(Dragon C102),LEO,NASA (COTS),Success,No attempt,"525kg (1,157lb) (excl. Dragon mass)",525,F9 v1.0,B0005,0
4,8-Oct-12,0:35,"CCSFS,SLC-40",SpaceX CRS-1(Dragon C103),LEO,NASA (CRS),Success,No attempt,"4,700kg (10,400lb) (excl. Dragon mass)",4700,F9 v1.0,B0006,0
5,1-Mar-13,15:10,"CCSFS,SLC-40",SpaceX CRS-2(Dragon C104),LEO,NASA (CRS),Success,No attempt,"4,877kg (10,752lb) (excl. Dragon mass)",4877,F9 v1.0,B0007,0
6,29-Sep-13,16:00,"VSFB,SLC-4E",CASSIOPE,LEO,MDA,Success,Uncontrolled(ocean),"500kg (1,100lb)",500,F9 v1.1,B1003,0
7,3-Dec-13,22:41,"CCSFS,SLC-40",SES-8,GTO,SES,Success,No attempt,"3,170kg (6,990lb)",3170,F9 v1.1,B1004,0
8,6-Jan-14,22:06,"CCSFS,SLC-40",Thaicom 6,GTO,Thaicom,Success,No attempt,"3,325kg (7,330lb)",3325,F9 v1.1,,0
9,18-Apr-14,19:25,"CCSFS,SLC-40",SpaceX CRS-3(Dragon C105),LEO,NASA (CRS),Success,Controlled(ocean) ,"2,296kg (5,062lb) (excl. Dragon mass)",2296,F9 v1.1,,0
10,14-Jul-14,15:15,"CCSFS,SLC-40",Orbcomm-OG2-1(6 satellites),LEO,Orbcomm,Success,Controlled(ocean),"1,316kg (2,901lb)",1316,F9 v1.1,,0
11,5-Aug-14,8:00,"CCSFS,SLC-40",AsiaSat 8,GTO,AsiaSat,Success,No attempt,"4,535kg (9,998lb)",4535,F9 v1.1,,0
12,7-Sep-14,5:00,"CCSFS,SLC-40",AsiaSat 6,GTO,AsiaSat,Success,No attempt,"4,428kg (9,762lb)",4428,F9 v1.1,B1011,0
13,21-Sep-14,5:52,"CCSFS,SLC-40",SpaceX CRS-4(Dragon C106.1),LEO,NASA (CRS),Success,Uncontrolled(ocean),"2,216kg (4,885lb) (excl. Dragon mass)",2216,F9 v1.1,B1010,0
14,10-Jan-15,9:47,"CCSFS,SLC-40",SpaceX CRS-5(Dragon C107),LEO,NASA (CRS),Success,Failure (drone ship),"2,395kg (5,280lb) (excl. Dragon mass)",2395,F9 v1.1,B1012,0
15,11-Feb-15,23:03,"CCSFS,SLC-40",DSCOVR,L1,USAF NASA NOAA,Success,Controlled(ocean),"570kg (1,260lb)",570,F9 v1.1,B1013,0
16,2-Mar-15,3:50,"CCSFS,SLC-40",ABS-3A Eutelsat 115 West B,GTO,ABS Eutelsat,Success,No attempt,"4,159kg (9,169lb)",4159,F9 v1.1,B1014,0
17,14-Apr-15,20:10,"CCSFS,SLC-40",SpaceX CRS-6(Dragon C108.1),LEO,NASA (CRS),Success,Failure(drone ship),"1,898kg (4,184lb) (excl. Dragon mass)",1898,F9 v1.1,B1015,0
18,27-Apr-15,23:03,"CCSFS,SLC-40",Turkmenalem 52E / MonacoSAT,GTO,Turkmenistan NationalSpace Agency[85],Success,No attempt,"4,707kg (10,377lb)",4707,F9 v1.1,B1016,0
19,28-Jun-15,14:21,"CCSFS,SLC-40",SpaceX CRS-7(Dragon C109),LEO,NASA (CRS),Failure,Precluded(drone ship),"1,952kg (4,303lb) (excl. Dragon mass)",1952,F9 v1.1,B1018,0
20,22-Dec-15,1:29,"CCSFS,SLC-40",Orbcomm-OG2-2(11 satellites),LEO,Orbcomm,Success,Success(ground pad),"2,034kg (4,484lb)",2034,F9 FT,B1019,0
21,17-Jan-16,18:42,"VSFB,SLC-4E",Jason-3,LEO,NASA (LSP) NOAA CNES,Success,Failure(drone ship),"553kg (1,219lb)",553,F9 v1.1,B1017,0
22,4-Mar-16,23:35,"CCSFS,SLC-40",SES-9,GTO,SES,Success,Failure(drone ship),"5,271kg (11,621lb)",5271,F9 FT,B1020,0
23,8-Apr-16,20:43,"CCSFS,SLC-40",SpaceX CRS-8(Dragon C110.1),LEO,NASA (CRS),Success,Success(drone ship),"3,136kg (6,914lb) (excl. Dragon mass)",3136,F9 FT,B1021,1
24,6-May-16,5:21,"CCSFS,SLC-40",JCSAT-14,GTO,SKY Perfect JSAT Group,Success,Success(drone ship),"4,696kg (10,353lb)",4696,F9 FT,B1022,0
25,27-May-16,21:39,"CCSFS,SLC-40",Thaicom 8,GTO,Thaicom,Success,Success(drone ship),"3,100kg (6,800lb)",3100,F9 FT,B1023,1
26,15-Jun-16,14:29,"CCSFS,SLC-40",ABS-2A Eutelsat 117 West B,GTO,ABS Eutelsat,Success,Failure(drone ship),"3,600kg (7,900lb)",3600,F9 FT,B1024,0
27,18-Jul-16,4:45,"CCSFS,SLC-40",SpaceX CRS-9(Dragon C111.1),LEO,NASA (CRS),Success,Success(ground pad),"2,257kg (4,976lb) (excl. Dragon mass)",2257,F9 FT,B1025,1
28,14-Aug-16,5:26,"CCSFS,SLC-40",JCSAT-16,GTO,SKY Perfect JSAT Group,Success,Success(drone ship),"4,600kg (10,100lb)",4600,F9 FT,B1026,0
N/A [d],3-Sep-16,7:00,"CCSFS,SLC-40",AMOS-6,GTO,Spacecom,Precluded(failure pre-flight),Precluded(drone ship),"5,500kg (12,100lb)",5500,F9 FT,B1028,0
29,14-Jan-17,17:54,"VSFB,SLC-4E",Iridium NEXT-1(10 satellites),LEO,Iridium Communications,Success,Success(drone ship),"9,600kg (21,200lb)",9600,F9 FT,B1029,1
30,19-Feb-17,14:39,"KSC,LC-39A",SpaceX CRS-10(Dragon C112.1),LEO,NASA (CRS),Success,Success(ground pad),"2,490kg (5,490lb) (excl. Dragon mass)",2490,F9 FT,B1031,1
31,16-Mar-17,6:00,"KSC,LC-39A",EchoStar 23,GTO,EchoStar,Success,No attempt,"5,600kg (12,300lb)",5600,F9 FT,B1030,0
32,30-Mar-17,22:27,"KSC,LC-39A",SES-10,GTO,SES,Success,Success(drone ship),"5,300kg (11,700lb)",5300,F9 FT,B1021,2
33,1-May-17,11:15,"KSC,LC-39A",NROL-76,LEO,NRO,Success,Success(ground pad),Classified,,F9 FT,B1032,1
34,15-May-17,23:21,"KSC,LC-39A",Inmarsat-5 F4,GTO,Inmarsat,Success,No attempt,"6,070kg (13,380lb)",6070,F9 FT,B1034,1
35,3-Jun-17,21:07,"KSC,LC-39A",SpaceX CRS-11(Dragon C106.2  ),LEO,NASA (CRS),Success,Success(ground pad),"2,708kg (5,970lb) (excl. Dragon mass)",2708,F9 FT,B1035,1
36,23-Jun-17,19:10,"KSC,LC-39A",BulgariaSat-1,GTO,Bulsatcom,Success,Success(drone ship),"3,669kg (8,089lb)",3669,F9 FT,B1029,2
37,25-Jun-17,20:25,"VSFB,SLC-4E",Iridium NEXT-2(10 satellites),LEO,Iridium Communications,Success,Success(drone ship),"9,600kg (21,200lb)",9600,F9 FT,B1036,1
38,5-Jul-17,23:38,"KSC,LC-39A",Intelsat 35e,GTO,Intelsat,Success,No attempt,"6,761kg (14,905lb)",6761,F9 FT,B1037,1
39,14-Aug-17,16:31,"KSC,LC-39A",SpaceX CRS-12(Dragon C113.1),LEO,NASA (CRS),Success,Success(ground pad),"3,310kg (7,300lb) (excl. Dragon mass)",3310,F9 B4,B1039,1
40,24-Aug-17,18:51,"VSFB,SLC-4E",Formosat-5,SSO,NSPO,Success,Success(drone ship),"475kg (1,047lb)",475,F9 FT,B1038,1
41,7-Sep-17,14:00,"KSC,LC-39A",Boeing X-37B OTV-5,LEO,USAF,Success,Success(ground pad),5400kg,5400,F9 B4,B1040,1
42,9-Oct-17,12:37,"VSFB,SLC-4E",Iridium NEXT-3(10 satellites),LEO,Iridium Communications,Success,Success(drone ship),"9,600kg (21,200lb)",9600,F9 B4,B1041,1
43,11-Oct-17,22:53:00,"KSC,LC-39A",SES-11 / EchoStar 105,GTO,SES S.A. EchoStar,Success,Success(drone ship),"5,400kg (11,900lb)",5400,F9 FT,B1031,2
44,30-Oct-17,19:34,"KSC,LC-39A",Koreasat 5A,GTO,KT Corporation,Success,Success(drone ship),"3,500kg (7,700lb)",3500,F9 B4,B1042,1
45,15-Dec-17,15:36,"CCSFS,SLC-40",SpaceX CRS-13(Dragon C108.2  ),LEO,NASA (CRS),Success,Success(ground pad),"2,205kg (4,861lb) (excl. Dragon mass)",2205,F9 FT,B1035,2
46,23-Dec-17,1:27,"VSFB,SLC-4E",Iridium NEXT-4(10 satellites),LEO,Iridium Communications,Success,Controlled(ocean),"9,600kg (21,200lb)",9600,F9 FT,B1036,2
47,8-Jan-18,1:00,"CCSFS,SLC-40",Zuma,LEO,Northrop Grumman [e],Success,Success(ground pad),Classified,,F9 B4,B1043,1
48,31-Jan-18,21:25,"CCSFS,SLC-40",GovSat-1 (SES-16),GTO,SES,Success,Controlled(ocean),"4,230kg (9,330lb)",4230,F9 FT,B1032,2
FH 1,6-Feb-18,20:45,"KSC,LC-39A",Elon Musk's Tesla Roadster,Heliocentric,SpaceX,Success,Failure(drone ship),"~1,250kg (2,760lb)",1250,Falcon Heavy,B1033,1
49,22-Feb-18,14:17,"VSFB,SLC-4E",Paz Tintin A and Tintin B,SSO,Hisdesat exactEarth SpaceX,Success,No attempt,"2,150kg (4,740lb)",2150,F9 FT,B1038,2
50,6-Mar-18,5:33,"CCSFS,SLC-40",Hispasat 30W-6 PODSat,GTO,Hispasat[272] NovaWurks,Success,No attempt,"6,092kg (13,431lb)",6092,F9 B4,B1044,1
51,30-Mar-18,14:14,"VSFB,SLC-4E",Iridium NEXT-5(10 satellites),LEO,Iridium Communications,Success,No attempt,"9,600kg (21,200lb)",9600,F9 B4,B1041,2
52,2-Apr-18,20:30,"CCSFS,SLC-40",SpaceX CRS-14(Dragon C110.2  ),LEO,NASA (CRS),Success,No attempt,"2,647kg (5,836lb) (excl. Dragon mass)",2647,F9 B4,B1039,2
53,18-Apr-18,22:51,"CCSFS,SLC-40",Transiting Exoplanet Survey Satellite (TESS),HEO,NASA (LSP),Success,Success(drone ship),362kg (798lb),362,F9 B4,B1045,1
54,11-May-18,20:14,"KSC,LC-39A",Bangabandhu-1,GTO,Thales-Alenia / BTRC,Success,Success(drone ship),"3,600kg (7,900lb)",3600,F9 B5,B1046,1
55,22-May-18,19:47,"VSFB,SLC-4E",Iridium NEXT-6(5 satellites) GRACE-FO ÃÂ 2,LEO,Iridium Communications GFZ NASA,Success,No attempt,"6,460kg (14,240lb)",6460,F9 B4,B1043,2
56,4-Jun-18,4:45,"CCSFS,SLC-40",SES-12,GTO,SES,Success,No attempt,"5,384kg (11,870lb)",5384,F9 B4,B1040,2
57,29-Jun-18,9:42,"CCSFS,SLC-40",SpaceX CRS-15(Dragon C111.2  ),LEO,NASA (CRS),Success,No attempt,"2,697kg (5,946lb) (excl. Dragon mass)",2697,F9 B4,B1045,2
58,22-Jul-18,5:50,"CCSFS,SLC-40",Telstar 19V,GTO,Telesat,Success,Success(drone ship),"7,075kg (15,598lb)",7075,F9 B5,B1047,1
59,25-Jul-18,11:39,"VSFB,SLC-4E",Iridium NEXT-7(10 satellites),LEO,Iridium Communications,Success,Success(drone ship),"9,600kg (21,200lb)",9600,F9 B5,B1048,1
60,7-Aug-18,5:18,"CCSFS,SLC-40",Merah Putih (formerly Telkom-4),GTO,Telkom Indonesia,Success,Success(drone ship),"5,800kg (12,800lb)",5800,F9 B5,B1046,2
61,10-Sep-18,4:45,"CCSFS,SLC-40",Telstar 18V / Apstar-5C,GTO,Telesat,Success,Success(drone ship),"7,060kg (15,560lb)",7060,F9 B5,B1049,1
62,8-Oct-18,2:22,"VSFB,SLC-4E",SAOCOM 1A,SSO,CONAE,Success,Success(ground pad),"3,000kg (6,600lb)",3000,F9 B5,B1048,2
63,15-Nov-18,20:46,"KSC,LC-39A",Es'hail 2,GTO,Es'hailSat,Success,Success(drone ship),"5,300kg (11,700lb)",5300,F9 B5,B1047,2
64,3-Dec-18,18:34:05,"VSFB,SLC-4E",SSO-A (SmallSat Express),SSO,Spaceflight Industries,Success,Success(drone ship),"~4,000kg (8,800lb)",4000,F9 B5,B1046,3
65,5-Dec-18,18:16,"CCSFS,SLC-40",SpaceX CRS-16(Dragon C112.2  ),LEO,NASA (CRS),Success,Failure(ground pad),"2,500kg (5,500lb) (excl. Dragon mass)",2500,F9 B5,B1050,0
66,23-Dec-18,13:51,"CCSFS,SLC-40",GPS III-01 (Vespucci),MEO,USAF,Success,No attempt,"4,400kg (9,700lb)",4400,F9 B5,B1054,0
67,11-Jan-19,15:31,"VSFB,SLC-4E",Iridium NEXT-8(10 satellites),LEO,Iridium Communications,Success,Success(drone ship),"9,600kg (21,200lb)",9600,F9 B5,B1049,2
68,22-Feb-19,1:45,"CCSFS,SLC-40",Nusantara Satu (PSN-6) Beresheet Moon lander  S5,GTO,PSN SpaceIL / IAI Air Force Research,Success,Success(drone ship),"4,850kg (10,690lb)",4850,F9 B5,B1048,3
69,2-Mar-19,7:49,"KSC,LC-39A",Crew Dragon Demo-1(Dragon C201),LEO,NASA (CCD),Success,Success(drone ship),"12,055kg (26,577lb)",12055,F9 B5,B1051,1
FH 2,11-Apr-19,22:35,"KSC,LC-39A",Arabsat-6A,GTO,Arabsat,Success,Success(drone ship),"6,465kg (14,253lb)",6465,Falcon Heavy,B5,0
70,4-May-19,6:48,"CCSFS,SLC-40",SpaceX CRS-17(Dragon C113.2  ),LEO,NASA (CRS),Success,Success(drone ship),"2,495kg (5,501lb) (excl. Dragon mass)",2495,F9 B5,B1056,1
71,24-May-19,2:30,"CCSFS,SLC-40",Starlink v0.9 (60 satellites),LEO,SpaceX,Success,Success(drone ship),"13,620kg (30,030lb)",13620,F9 B5,B1049,3
72,12-Jun-19,14:17,"VSFB,SLC-4E",RADARSAT Constellation(3 satellites),SSO,Canadian Space Agency (CSA),Success,Success(ground pad),"4,200kg (9,300lb)",4200,F9 B5,B1051,2
FH 3,25-Jun-19,6:30,"KSC,LC-39A",Space Test Program Flight 2 (STP-2),LEO,USAF,Success,Failure(drone ship),"3,700kg (8,200lb)",3700,Falcon Heavy,B5,0
73,25-Jul-19,22:01,"CCSFS,SLC-40",SpaceX CRS-18(Dragon C108.3  ),LEO,NASA (CRS),Success,Success(ground pad),"2,268kg (5,000lb) (excl. Dragon mass)",2268,F9 B5,B1056,2
74,6-Aug-19,23:23,"CCSFS,SLC-40",AMOS-17,GTO,Spacecom,Success,No attempt,"6,500kg (14,300lb)",6500,F9 B5,B1047,3
75,11-Nov-19,14:56,"CCSFS,SLC-40",Starlink 1 v1.0 (60 satellites),LEO,SpaceX,Success,Success(drone ship),"15,600kg (34,400lb)",15600,F9 B5,B1048,4
76,5-Dec-19,17:29,"CCSFS,SLC-40",SpaceX CRS-19(Dragon C106.3  ),LEO,NASA (CRS),Success,Success(drone ship),"2,617kg (5,769lb) (excl. Dragon mass)",2617,F9 B5,B1059,1
77,17-Dec-19,0:10,"CCSFS,SLC-40",JCSat-18 / Kacific 1,GTO,Sky Perfect JSATKacific 1,Success,Success(drone ship),"6,956kg (15,335lb)",6956,F9 B5,B1056,3
78,7-Jan-20,2:19:21,"CCSFS,SLC-40",Starlink 2 v1.0 (60satellites),LEO,SpaceX,Success,Success(drone ship),"15,600kg (34,400lb)",15600,F9 B5,B1049,4
79,19-Jan-20,15:30,"KSC,LC-39A",Crew Dragon in-flight abort test(Dragon C205.1),Sub-orbital,NASA (CTS)[19],Success,No attempt,"12,050kg (26,570lb)",12050,F9 B5,B1046,4
80,29-Jan-20,14:07,"CCSFS,SLC-40",Starlink 3 v1.0 (60satellites),LEO,SpaceX,Success,Success(drone ship),"15,600kg (34,400lb)",15600,F9 B5,B1051,3
81,17-Feb-20,15:05,"CCSFS,SLC-40",Starlink 4 v1.0 (60satellites),LEO,SpaceX,Success,Failure(drone ship),"15,600kg (34,400lb)",15600,F9 B5,B1056,4
82,7-Mar-20,4:50,"CCSFS,SLC-40",SpaceX CRS-20(Dragon C112.3  ),LEO,NASA (CRS),Success,Success(ground pad),"1,977kg (4,359lb) (excl. Dragon mass)",1977,F9 B5,B1059,2
83,18-Mar-20,12:16,"KSC,LC-39A",Starlink 5 v1.0 (60satellites),LEO,SpaceX,Success,Failure(drone ship),"15,600kg (34,400lb)",15600,F9 B5,B1048,5
84,22-Apr-20,19:30,"KSC,LC-39A",Starlink 6 v1.0 (60satellites),LEO,SpaceX,Success,Success(drone ship),"15,600kg (34,400lb)",15600,F9 B5,B1051,4
85,30-May-20,19:22,"KSC,LC-39A",Crew Dragon Demo-2(Crew Dragon C206.1 Endeavour),LEO,NASA (CCDev),Success,Success(drone ship),"12,530kg (27,620lb)",12530,F9 B5,B1058,1
86,4-Jun-20,1:25,"CCSFS,SLC-40",Starlink 7 v1.0 (60satellites),LEO,SpaceX,Success,Success(drone ship),"15,600kg (34,400lb)",15600,F9 B5,B1049,5
87,13-Jun-20,9:21,"CCSFS,SLC-40","Starlink 8 v1.0 (58satellites),SkySats-16, -17, -18",LEO,SpaceXPlanet Labs,Success,Success(drone ship),"15,410kg (33,970lb)",15410,F9 B5,B1059,3
88,30-Jun-20,20:10:46,"CCSFS,SLC-40",GPS III-03 (Matthew Henson),MEO,U.S. Space Force[53],Success,Success(drone ship),"4,311kg (9,504lb)",4311,F9 B5,B1060,1
89,20-Jul-20,21:30,"CCSFS,SLC-40",ANASIS-II,GTO,Republic of Korea Army,Success,Success(drone ship),"6,000kg ",6000,F9 B5,B1058,2
90,7-Aug-20,5:12,"KSC,LC-39A","Starlink 9 v1.0 (57 Satellites),SXRS-1 (BlackSky Global 7 and 8)",LEO,SpaceXSpaceflight Industries (BlackSky),Success,Success(drone ship),"14,932kg (32,919lb)",14932,F9 B5,B1051,5
91,18-Aug-20,14:31,"CCSFS,SLC-40","Starlink 10 v1.0 (58satellites)SkySat-19, -20, -21",LEO,SpaceXPlanet Labs,Success,Success(drone ship),"~15,440kg (34,040lb)",15440,F9 B5,B1049,6
92,30-Aug-20,23:18,"CCSFS,SLC-40",SAOCOM 1BGNOMES 1 Tyvak-0172,SSO,CONAEPlanetIQTyvak,Success,Success(ground pad),"3,130kg (6,900lb)",3130,F9 B5,B1059,4
93,3-Sep-20,12:46:14,"KSC,LC-39A",Starlink 11 v1.0 (60satellites),LEO,SpaceX,Success,Success(drone ship),"15,600kg (34,400lb)",15600,F9 B5,B1060,2
94,6-Oct-20,11:29:34,"KSC,LC-39A",Starlink 12 v1.0 (60satellites),LEO,SpaceX,Success,Success(drone ship),"15,600kg (34,400lb)",15600,F9 B5,B1058,3
95,18-Oct-20,12:25:57,"KSC,LC-39A",Starlink 13 v1.0 (60satellites),LEO,SpaceX,Success,Success(drone ship),"15,600kg (34,400lb)",15600,F9 B5,B1051,6
96,24-Oct-20,15:31:34,"CCSFS,SLC-40",Starlink 14 v1.0 (60satellites),LEO,SpaceX,Success,Success(drone ship),"15,600kg (34,400lb)",15600,F9 B5,B1060,3
97,5-Nov-20,23:24:23,"CCSFS,SLC-40",GPS III-04 (Sacagawea),MEO,USSF,Success,Success(drone ship),"4,311kg (9,504lb)",4311,F9 B5,B1062,1
98,16-Nov-20,0:27,"KSC,LC-39A",Crew-1(Crew Dragon C207.1 Resilience),LEO,NASA (CCP)[19],Success,Success(drone ship),"~12,500kg (27,600lb)",12500,F9 B5,B1061,1
99,21-Nov-20,17:17:08,"VSFB,SLC-4E",Sentinel-6 Michael Freilich (Jason-CS A),LEO,NASA / NOAA / ESA / EUMETSAT,Success,Success(ground pad),"1,192kg (2,628lb)",1192,F9 B5,B1063,1
100,25-Nov-20,2:13,"CCSFS,SLC-40",Starlink 15 v1.0 (60satellites),LEO,SpaceX,Success,Success(drone ship),"15,600kg (34,400lb)",15600,F9 B5,B1049,7
101,6-Dec-20,16:17:08,"KSC,LC-39A",SpaceX CRS-21(Dragon C208.1),LEO,NASA (CRS),Success,Success(drone ship),"2,972kg (6,552lb) (excl. Dragon mass)",2972,F9 B5,B1058,4
102,13-Dec-20,17:30:00,"CCSFS,SLC-40[121]",SXM-7,GTO,Sirius XM,Success,Success(drone ship),"7,000kg (15,000lb)",7000,F9 B5,B1051,7
103,19-Dec-20,14:00:00,"KSC,LC-39A",NROL-108,LEO,NRO,Success,Success(ground pad),Classified,,F9 B5,B1059,5
104,8-Jan-21,2:15,"CCSFS,SLC-40",Turksat 5A,GTO,Turksat,Success,Success(drone ship),"3,500kg (7,700lb)",3500,F9 B5,B1060,4
105,20-Jan-21,13:02:22,"KSC,LC-39A",Starlink 16 v1.0 (60satellites),LEO,SpaceX,Success,Success(drone ship),"15,600kg (34,400lb)",15600,F9 B5,B1051,8
106,24-Jan-21,15:00,"CCSFS,SLC-40",Transporter-1: (143 smallsat rideshare),SSO,Various,Success,Success(drone ship),"~5,000kg (11,000lb)",5000,F9 B5,B1058,5
107,4-Feb-21,6:19,"CCSFS,SLC-40",Starlink 18 v1.0 (60satellites),LEO,SpaceX,Success,Success(drone ship),"15,600kg (34,400lb)",15600,F9 B5,B1060,5
108,16-Feb-21,3:59:37,"CCSFS,SLC-40",Starlink 19 v1.0 (60satellites),LEO,SpaceX,Success,Failure (drone ship),"15,600kg (34,400lb)",15600,F9 B5,B1059,6
109,4-Mar-21,8:24:54,"KSC,LC-39A",Starlink 17 v1.0 (60satellites),LEO,SpaceX,Success,Success(drone ship),"15,600kg (34,400lb)",15600,F9 B5,B1049,8
110,11-Mar-21,8:13:29,"CCSFS,SLC-40",Starlink 20 v1.0 (60satellites),LEO,SpaceX,Success,Success(drone ship),"15,600kg (34,400lb)",15600,F9 B5,B1058,6
111,14-Mar-21,10:01:26,"KSC,LC-39A",Starlink 21 v1.0 (60satellites),LEO,SpaceX,Success,Success(drone ship),"15,600kg (34,400lb)",15600,F9 B5,B1051,9
112,24-Mar-21,8:28:24,"CCSFS,SLC-40",Starlink 22 v1.0 (60satellites),LEO,SpaceX,Success,Success(drone ship),"15,600kg (34,400lb)",15600,F9 B5,B1060,6
113,7-Apr-21,16:34:18,"CCSFS,SLC-40",Starlink 23 v1.0 (60satellites),LEO,SpaceX,Success,Success(drone ship),"15,600kg (34,400lb)",15600,F9 B5,B1058,7
114,23-Apr-21,9:49:02,"KSC,LC-39A",Crew-2(Crew Dragon C206.2 Endeavour  ),LEO,NASA (CTS)[19],Success,Success(drone ship),"~13,000kg (29,000lb)",13000,F9 B5,B1061,2
115,29-Apr-21,3:44:30,"CCSFS,SLC-40",Starlink 24 v1.0 (60satellites),LEO,SpaceX,Success,Success(drone ship),"15,600kg (34,400lb)",15600,F9 B5,B1060,7
116,4-May-21,19:01:07,"KSC,LC-39A",Starlink 25 v1.0 (60satellites),LEO,SpaceX,Success,Success(drone ship),"15,600kg (34,400lb)",15600,F9 B5,B1049,9
117,9-May-21,6:42:45,"CCSFS,SLC-40",Starlink 27 v1.0 (60satellites),LEO,SpaceX,Success,Success(drone ship),"15,600kg (34,400lb)",15600,F9 B5,B1051,10
118,15-May-21,22:56,"KSC,LC-39A",Starlink 26 v1.0 (52 Satellites) Capella-6 &Tyvak-0130,LEO,SpaceX Capella Space and Tyvak,Success,Success(drone ship),"~14,000kg (31,000lb)",14000,F9 B5,B1058,8
119,26-May-21,18:59:35,"CCSFS,SLC-40",Starlink 28 v1.0 (60 Satellites),LEO,SpaceX,Success,Success(drone ship),"15,600kg (34,400lb)",15600,F9 B5,B1063,2
120,3-Jun-21,17:29:17,"KSC,LC-39A",SpaceX CRS-22(Dragon C209.1),LEO,NASA (CRS),Success,Success(drone ship),"3,328kg (7,337lb) (excl. Dragon mass)",3328,F9 B5,B1067,1
121,6-Jun-21,4:26,"CCSFS,SLC-40",SXM-8,GTO,Sirius XM,Success,Success(drone ship),"7,000kg (15,000lb)",7000,F9 B5,B1061,3
122,17-Jun-21,16:09:35,"CCSFS,SLC-40",GPS III-05 (Neil Armstrong),MEO,USSF[53],Success,Success(drone ship),"4,331kg (9,548lb)",4331,F9 B5,B1062,2
123,30-Jun-21,19:31,"CCSFS,SLC-40",Transporter-2: (88 payloads Smallsat Rideshare),SSO,Various,Success,Success(ground pad),Unknown,,F9 B5,B1060,8
124,29-Aug-21,7:14:49,"KSC,LC-39A",SpaceX CRS-23(Dragon C208.2  ),LEO,NASA (CRS),Success,Success(drone ship),"~2,200kg (4,900lb) (excl. Dragon mass)",2200,F9 B5,B1061,4
125,14-Sep-21,3:55:50,"VSFB,SLC-4E","Starlink Group 2-1 (v1.5 L1, 51satellites)",LEO,SpaceX,Success,Success(drone ship),"~13,260kg (29,230lb)",13260,F9 B5,B1049,10
126,16-Sep-21,0:02:56,"KSC,LC-39A",Inspiration4(Crew Dragon C207.2 Resilience  ),LEO,Jared Isaacman[note 1][225][226],Success,Success(drone ship),"~12,519kg (27,600lb)",12519,F9 B5,B1062,3
127,11-Nov-21,2:03:31,"KSC,LC-39A",Crew-3(Crew Dragon C210.1 Endurance),LEO,NASA (CTS)[19],Success,Success(drone ship),"~13,000kg (29,000lb)",13000,F9 B5,B1067,2
128,13-Nov-21,12:19,"CCSFS,SLC-40",Starlink Group 4-1 (53satellites),LEO,SpaceX,Success,Success(drone ship),"~15,635kg (34,469lb)",15635,F9 B5,B1058,9
129,24-Nov-21,6:21,"VSFB,SLC-4E",Double Asteroid Redirection Test (DART),Heliocentric,NASA (LSP),Success,Success(drone ship),"624kg (1,376lb)",624,F9 B5,B1063,3
130,2-Dec-21,23:12,"CCSFS,SLC-40",Starlink Group 4-3 (48satellites)SXRS-2: BlackSky Global (2 sats),LEO,"SpaceXSpaceflight, Inc. (BlackSky Global)",Success,Success(drone ship),"~14,500kg (32,000lb)",14500,F9 B5,B1060,9
131,9-Dec-21,6:00,"KSC,LC-39A",Imaging X-ray Polarimetry Explorer (IXPE),LEO,NASA (LSP),Success,Success(drone ship),325kg (717lb),325,F9 B5,B1061,5
132,18-Dec-21,12:41,"VSFB,SLC-4E",Starlink Group 4-4(52satellites),LEO,SpaceX,Success,Success(drone ship),"15,600kg (34,400lb)",15600,F9 B5,B1051,11
133,19-Dec-21,3:58,"CCSFS,SLC-40",Turksat 5B,GTO,Turksat,Success,Success(drone ship),"4,500kg (9,900lb)",4500,F9 B5,B1067,3
134,21-Dec-21,10:06,"KSC,LC-39A",SpaceX CRS-24(Dragon C209.2  ),LEO,NASA (CRS),Success,Success(drone ship),"2,989kg (6,590lb) (excl. Dragon mass)",2989,F9 B5,B1069,1
135,6-Jan-22,21:49,"KSC,LC-39A",Starlink Group 4-5(49satellites),LEO,SpaceX,Success,Success(drone ship),"~14,500kg (32,000lb)",14500,F9 B5,B1062,4
136,13-Jan-22,15:25:38,"CCSFS,SLC-40",Transporter-3: (105 payloads Smallsat Rideshare),SSO,Various,Success,Success(ground pad),Unknown,,F9 B5,B1058,10
137,19-Jan-22,2:02:40,"KSC,LC-39A",Starlink Group 4-6(49satellites),LEO,SpaceX,Success,Success(drone ship),"~14,500kg (32,000lb)",14500,F9 B5,B1060,10
138,31-Jan-22,23:11,"CCSFS,SLC-40",CSG-2,SSO,ASI,Success,Success(ground pad),"2,205kg (4,861lb)",2205,F9 B5,B1052,3
139,2-Feb-22,20:27,"VSFB,SLC-4E",NROL-87,SSO,NRO,Success,Success(ground pad),Classified,,F9 B5,B1071,1
140,3-Feb-22,18:13,"KSC,LC-39A",Starlink Group 4-7(49satellites),LEO,SpaceX,Success,Success(drone ship),"~14,500kg (32,000lb)",14500,F9 B5,B1061,6
141,21-Feb-22,14:44,"CCSFS,SLC-40",Starlink Group 4-8 (46satellites),LEO,SpaceX,Success,Success(drone ship),"~13,600kg (30,000lb)",13600,F9 B5,B1058,11
142,25-Feb-22,17:12,"VSFB,SLC-4E",Starlink Group 4-11 (50satellites),LEO,SpaceX,Success,Success(drone ship),"~14,750kg (32,520lb)",14750,F9 B5,B1063,4
143,3-Mar-22,14:25,"KSC,LC-39A",Starlink Group 4-9 (47satellites),LEO,SpaceX,Success,Success(drone ship),"~13,900kg (30,600lb)",13900,F9 B5,B1060,11
144,9-Mar-22,13:45,"CCSFS,SLC-40",Starlink Group 4-10(48satellites),LEO,SpaceX,Success,Success(drone ship),"~14,160kg (31,220lb)",14160,F9 B5,B1052,4
145,19-Mar-22,4:42,"CCSFS,SLC-40",Starlink Group 4-12 (53satellites),LEO,SpaceX,Success,Success(drone ship),"~16,250kg (35,830lb)",16250,F9 B5,B1051,12
146,1-Apr-22,16:24,"CCSFS,SLC-40",Transporter-4: (40 payloads Smallsat Rideshare),SSO,Various,Success,Success(drone ship),Unknown,,F9 B5,B1061,7
147,8-Apr-22,,"KSC,LC-39A",Axiom-1(Crew Dragon C206.3 Endeavour  ),LEO,Axiom Space,Success,Success(drone ship),"~13,000kg (29,000lb)",13000,F9 B5,B1062,5
148,17-Apr-22,,"VSFB,SLC-4E",NROL-85 (Intruder 13A (NOSS-3 9A) and Intruder 13B (NOSS-3 9B)),LEO,NRO,Success,Success(ground pad),Classified,,F9 B5,B1071,2
149,21-Apr-22,17:51,"CCSFS,SLC-40",Starlink Group 4-14 (53satellites),LEO,SpaceX,Success,Success(drone ship),"~16,250kg (35,830lb)",16250,F9 B5,B1060,12
150,27-Apr-22,7:52,"KSC,LC-39A",Crew-4(Crew Dragon C212.1 Freedom),LEO,NASA (CTS)[19],Success,Success(drone ship),"~13,000kg (29,000lb)",13000,F9 B5,B1067,4
151,29-Apr-22,21:27,"CCSFS,SLC-40",Starlink Group 4-16 (53satellites),LEO,SpaceX,Success,Success(drone ship),"~16,250kg (35,830lb)",16250,F9 B5,B1062,6
152,6-May-22,9:46,"KSC,LC-39A",Starlink Group 4-17 (53satellites),LEO,SpaceX,Success,Success(drone ship),"~16,250kg (35,830lb)",16250,F9 B5,B1058,12
153,13-May-22,22:07,"VSFB,SLC-4E",Starlink Group 4-13 (53satellites),LEO,SpaceX,Success,Success(drone ship),"~16,250kg (35,830lb)",16250,F9 B5,B1063,5
154,14-May-22,20:40,"CCSFS,SLC-40",Starlink Group 4-15 (53satellites),LEO,SpaceX,Success,Success(drone ship),"~16,250kg (35,830lb)",16250,F9 B5,B1073,1
155,18-May-22,10:59,"KSC,LC-39A",Starlink Group 4-18 (53satellites),LEO,SpaceX,Success,Success(drone ship),"~16,250kg (35,830lb)",16250,F9 B5,B1052,5
156,25-May-22,18:35,"CCSFS,SLC-40",Transporter-5: (59 payloads Smallsat Rideshare),SSO,Various,Success,Success(ground pad),Unknown,,F9 B5,B1061,8
157,8-Jun-22,21:03,"CCSFS,SLC-40",Nilesat-301,GTO,Nilesat,Success,Success(drone ship),"~4,100kg (9,000lb)",4100,F9 B5,B1062,7
158,17-Jun-22,16:09,"KSC,LC-39A",Starlink Group 4-19 (53satellites),LEO,SpaceX,Success,Success(drone ship),"~16,250kg (35,830lb)",16250,F9 B5,B1060,13
159,18-Jun-22,,"VSFB,SLC-4E",SARah 1,SSO,German Intelligence Service,Success,Success(ground pad),"~4,000kg (8,800lb)",4000,F9 B5,B1071,3
160,19-Jun-22,4:27,"CCSFS,SLC-40",Globalstar-2 M087 (FM15)USA 328-331,LEO,GlobalstarUnknown US Government Agency,Success,Success(drone ship),"~700kg (1,500lb)(excluding secret payloads)",700,F9 B5,B1061,9
161,29-Jun-22,21:04,"CCSFS,SLC-40",SES-22,GTO,SES,Success,Success(drone ship),"~3,500kg (7,700lb)",3500,F9 B5,B1073,2
162,7-Jul-22,13:11,"CCSFS,SLC-40",Starlink Group 4-21 (53satellites),LEO,SpaceX,Success,Success(drone ship),"~16,250kg (35,830lb)",16250,F9 B5,B1058,13
163,11-Jul-22,1:39,"VSFB,SLC-4E",Starlink Group 3-1 (46satellites),SSO,SpaceX,Success,Success(drone ship),"~14,100kg (31,100lb)",14100,F9 B5,B1063,6
164,15-Jul-22,0:44:22,"KSC,LC-39A",SpaceX CRS-25(Dragon C208.3  ),LEO,NASA (CRS),Success,Success(drone ship),"2,668kg (5,881lb)(excl. Dragon mass)",2668,F9 B5,B1067,5
165,17-Jul-22,14:20,"CCSFS,SLC-40",Starlink Group 4-22 (53satellites),LEO,SpaceX,Success,Success(drone ship),"~16,250kg (35,830lb)",16250,F9 B5,B1051,13
166,22-Jul-22,17:39,"VSFB,SLC-4E",Starlink Group 3-2 (46satellites),SSO,SpaceX,Success,Success(drone ship),"~14,100kg (31,100lb)",14100,F9 B5,B1071,4
167,24-Jul-22,13:38,"KSC,LC-39A",Starlink Group 4-25 (53satellites),LEO,SpaceX,Success,Success(drone ship),"~16,250kg (35,830lb)",16250,F9 B5,B1062,8
168,4-Aug-22,23:08,"CCSFS,SLC-40",Danuri (Korea Pathfinder Lunar Orbiter),Lunar,KARI,Success,Success(drone ship),"~679kg (1,497lb)",679,F9 B5,B1052,6
169,10-Aug-22,2:14,"KSC,LC-39A",Starlink Group 4-26 (52satellites),LEO,SpaceX,Success,Success(drone ship),"~16,000kg (35,000lb)",16000,F9 B5,B1073,3
170,12-Aug-22,,"VSFB,SLC-4E",Starlink Group 3-3 (46satellites),SSO,SpaceX,Success,Success(drone ship),"~14,100kg (31,100lb)",14100,F9 B5,B1061,10
171,19-Aug-22,19:21:20,"CCSFS,SLC-40",Starlink Group 4-27 (53satellites),LEO,SpaceX,Success,Success(drone ship),"~16,250kg (35,830lb)",16250,F9 B5,B1062,9
172,28-Aug-22,3:41,"CCSFS,SLC-40",Starlink Group 4-23 (54satellites),LEO,SpaceX,Success,Success(drone ship),"~16,700kg (36,800lb)",16700,F9 B5,B1069,2
173,31-Aug-22,5:40,"VSFB,SLC-4E",Starlink Group 3-4 (46satellites),SSO,SpaceX,Success,Success(drone ship),"~14,200kg (31,300lb)",14200,F9 B5,B1063,7
174,5-Sep-22,2:09,"CCSFS,SLC-40",Starlink Group 4-20 (51satellites) Sherpa-LTC2,LEO,"SpaceX, Spaceflight Industries",Success,Success(drone ship),"~16,000kg (35,000lb)",16000,F9 B5,B1052,7
175,11-Sep-22,1:20,"KSC,LC-39A",Starlink Group 4-2 (34satellites)BlueWalker-3,LEO,SpaceXAST SpaceMobile,Success,Success(drone ship),"~11,938kg (26,319lb)",11938,F9 B5,B1058,14
176,19-Sep-22,0:18,"CCSFS,SLC-40",Starlink Group 4-34 (54satellites),LEO,SpaceX,Success,Success(drone ship),"~16,700kg (36,800lb)",16700,F9 B5,B1067,6
177,24-Sep-22,23:32,"CCSFS,SLC-40",Starlink Group 4-35 (52satellites),LEO,SpaceX,Success,Success(drone ship),"~16,100kg (35,500lb)",16100,F9 B5,B1073,4
178,5-Oct-22,16:00,"KSC,LC-39A",Crew-5(Crew Dragon C210.2 Endurance  ),LEO,NASA (CTS)[19],Success,Success(drone ship),"~13,000kg (29,000lb)",13000,F9 B5,B1077,1
179,5-Oct-22,23:10,"VSFB,SLC-4E",Starlink Group 4-29 (52satellites),LEO,SpaceX,Success,Success(drone ship),"~16,100kg (35,500lb)",16100,F9 B5,B1071,5
180,8-Oct-22,23:05,"CCSFS,SLC-40",Galaxy 33 and Galaxy 34 (2satellites),GTO,Intelsat,Success,Success(drone ship),"7,350kg (16,200lb)",7350,F9 B5,B1060,14
181,15-Oct-22,5:22,"CCSFS,SLC-40",Hotbird 13F,GTO,Eutelsat,Success,Success(drone ship),"~4,501kg (9,923lb)",4501,F9 B5,B1069,3
182,20-Oct-22,14:50,"CCSFS,SLC-40",Starlink Group 4-36 (54satellites),LEO,SpaceX,Success,Success(drone ship),"~16,700kg (36,800lb)",16700,F9 B5,B1062,10
183,28-Oct-22,1:14:10,"VSFB,SLC-4E",Starlink Group 4-31 (53satellites),LEO,SpaceX,Success,Success(drone ship),"~16,400kg (36,200lb)",16400,F9 B5,B1063,8
FH 4,1-Nov-22,13:41,"KSC,LC-39A",USSF-44 (Shepherd Demonstration & LDPE-2),GEO,"USSF, Millennium Space Systems and Lockheed Martin Space",Success,No attempt,"~3,750kg (8,270lb)",3750,Falcon Heavy,B5,0
184,3-Nov-22,5:22,"CCSFS,SLC-40",Hotbird 13G,GTO,Eutelsat,Success,Success(drone ship),"~4,500kg (9,900lb)",4500,F9 B5,B1067,7
185,12-Nov-22,16:06,"CCSFS,SLC-40",Galaxy 31 and Galaxy 32 (2satellites),GTO,Intelsat,Success,No attempt,"~6,600kg (14,600lb)",6600,F9 B5,B1051,14
186,23-Nov-22,2:57,"CCSFS,SLC-40",Eutelsat 10B,GTO,Eutelsat,Success,No attempt,"5,500kg (12,100lb)",5500,F9 B5,B1049,11
187,26-Nov-22,19:20,"KSC,LC-39A",SpaceX CRS-26(Dragon C211.1),LEO,NASA (CRS),Success,Success(drone ship),"3,528kg (7,778lb)",3528,F9 B5,B1076,1
188,8-Dec-22,22:27,"KSC,LC-39A",OneWeb Flight #15 / SpaceX Flight 1 (40satellites),LEO,OneWeb,Success,Success(ground pad),"6,000kg (13,000lb)",6000,F9 B5,B1069,4
189,11-Dec-22,7:38,"CCSFS,SLC-40",Hakuto-R Mission 1Emirates Lunar MissionLunar Flashlight,Lunar,ispace MBRSC JAXA NASA,Success,Success(ground pad),"~1,000kg (2,200lb)",1000,F9 B5,B1073,5
190,16-Dec-22,11:46,"VSFB,SLC-4E",Surface Water and Ocean Topography (SWOT),LEO,NASA/CNES,Success,Success(ground pad),"~2,200kg (4,900lb)",2200,F9 B5,B1071,6
191,16-Dec-22,22:48,"CCSFS,SLC-40",O3b mPOWER 1&2,MEO,SES,Success,Success(drone ship),"~4,100kg (9,000lb)",4100,F9 B5,B1067,8
192,17-Dec-22,21:32,"KSC,LC-39A",Starlink Group 4-37 (54satellites),LEO,SpaceX,Success,Success(drone ship),"~16,700kg (36,800lb)",16700,F9 B5,B1058,15
193,28-Dec-22,9:34,"CCSFS,SLC-40",Starlink Group 5-1 (54satellites),LEO,SpaceX,Success,Success(drone ship),"~16,700kg (36,800lb)",16700,F9 B5,B1062,11
194,30-Dec-22,7:38,"VSFB,SLC-4E",EROS-C3,LEO,ImageSat International,Success,Success(ground pad),~400kg (880lb),400,F9 B5,B1061,11
195,3-Jan-23,14:56,"CCSFS,SLC-40",Transporter-6: (114 payloads Smallsat Rideshare),SSO,Various,Success,Success(ground pad),Unknown,,F9 B5,B1060,15
196,10-Jan-23,4:50,"CCSFS,SLC-40",OneWeb Flight #16 / SpaceX Flight 2 (40satellites),LEO,OneWeb,Success,Success(ground pad),"6,000kg (13,000lb)",6000,F9 B5,B1076,2
FH 5,15-Jan-23,22:56,"KSC,LC-39A",USSF-67 (CBAS-2 & LDPE-3A),GEO,USSF,Success,No attempt,"~3,750kg (8,270lb)",3750,Falcon Heavy,B5,0
197,18-Jan-23,12:24,"CCSFS,SLC-40",GPS III-06 (Amelia Earhart),MEO,USSF[53],Success,Success(drone ship),"4,352kg (9,595lb)",4352,F9 B5,B1077,2
198,19-Jan-23,15:43,"VSFB,SLC-4E",Starlink Group 2-4 (51satellites),LEO,SpaceX,Success,Success(drone ship),"15,800kg (34,800lb)",15800,F9 B5,B1075,1
199,26-Jan-23,9:32,"CCSFS,SLC-40",Starlink Group 5-2 (56satellites),LEO,SpaceX,Success,Success(drone ship),"~17,400kg (38,400lb)",17400,F9 B5,B1067,9
200,31-Jan-23,16:15,"VSFB,SLC-4E",Starlink Group 2-6 (49satellites)ION SCV009 Eclectic Elena,LEO,SpaceXD-Orbit,Success,Success(drone ship),"~15,200kg (33,500lb)",15200,F9 B5,B1071,7
201,2-Feb-23,7:58,"KSC,LC-39A",Starlink Group 5-3 (53 satellites),LEO,SpaceX,Success,Success(drone ship),"16,500kg (36,400lb)",16500,F9 B5,B1069,5
202,7-Feb-23,1:32,"CCSFS,SLC-40",Amazonas Nexus,GTO,Hispasat,Success,Success(drone ship),"4,146kg (9,140lb)",4146,F9 B5,B1073,6
203,12-Feb-23,5:10,"CCSFS,SLC-40",Starlink Group 5-4 (55satellites),LEO,SpaceX,Success,Success(drone ship),"17,100kg (37,700lb)",17100,F9 B5,B1062,12
204,17-Feb-23,19:12,"VSFB,SLC-4E",Starlink Group 2-5 (51 satellites),LEO,SpaceX,Success,Success(drone ship),"15,900kg (35,100lb)",15900,F9 B5,B1063,9
205,18-Feb-23,3:59,"CCSFS,SLC-40",Inmarsat-6 F2,GTO,Inmarsat,Success,Success(drone ship),"5,470kg (12,060lb)",5470,F9 B5,B1077,3
206,27-Feb-23,23:13,"CCSFS,SLC-40",Starlink Group 6-1 (21V2 Mini satellites),LEO,SpaceX,Success,Success(drone ship),"~16,900kg (37,300lb)",16900,F9 B5,B1076,3
207,2-Mar-23,5:34,"KSC,LC-39A",Crew-6(Crew Dragon C206.4 Endeavour  ),LEO,NASA (CTS)[19],Success,Success(drone ship),"~13,000kg (29,000lb)",13000,F9 B5,B1078,1
208,3-Mar-23,18:38,"VSFB,SLC-4E",Starlink Group 2-7 (51satellites),LEO,SpaceX,Success,Success(drone ship),"15,900kg (35,100lb)",15900,F9 B5,B1061,12
209,9-Mar-23,19:13,"CCSFS,SLC-40",OneWeb #17 / SpaceX OneWeb-3 (40 satellites),LEO,OneWeb,Success,Success(ground pad),"6,000kg (13,000lb)",6000,F9 B5,B1062,13
210,15-Mar-23,0:30,"KSC,LC-39A",SpaceX CRS-27(Dragon C209.3 ),LEO,NASA (CRS),Success,Success(drone ship),"2,852kg (6,288lb)",2852,F9 B5,B1073,7
211,17-Mar-23,19:26,"VSFB,SLC-4E",Starlink Group 2-8 (52 satellites),LEO,SpaceX,Success,Success(drone ship),"~16,200kg (35,700lb)",16200,F9 B5,B1071,8
212,17-Mar-23,23:38,"CCSFS,SLC-40",SES-18 and SES-19,GTO,SES,Success,Success(drone ship),"~7,000kg (15,000lb)",7000,F9 B5,B1069,6
213,24-Mar-23,15:43,"CCSFS,SLC-40",Starlink Group 5-5 (56satellites),LEO,SpaceX,Success,Success(drone ship),"~17,400kg (38,400lb)",17400,F9 B5,B1067,10
